1699044610.264554|2024 Point72 Academy Spring Insight Programme – London |Point72|United States|['Academy']|https://boards.greenhouse.io/point72/jobs/6965828002
1699044610.264554|2024 Point72 Future of Finance Accelerator|Point72|United States|['Academy']|https://boards.greenhouse.io/point72/jobs/6924095002
1699044610.264554|2024 Summer Internship - Compliance|Point72|Stamford, CT|['Compliance']|https://boards.greenhouse.io/point72/jobs/6957987002
1699044610.264554|Compliance Intern|Point72|Hong Kong|['Compliance']|https://boards.greenhouse.io/point72/jobs/6986294002
1699044610.264554|Compliance Officer|Point72|London |['Compliance']|https://boards.greenhouse.io/point72/jobs/6893782002
1699044610.264554|Compliance Officer|Point72|Singapore|['Compliance']|https://boards.greenhouse.io/point72/jobs/6764750002
1699044610.264554|Surveillance Associate |Point72|Stamford |['Compliance']|https://boards.greenhouse.io/point72/jobs/6832666002
1699044610.264554|Surveillance Associate - Chinese Language Position|Point72|Stamford, CT|['Compliance']|https://boards.greenhouse.io/point72/jobs/6577885002
1699044610.264554|2024 Summer Internship - Surveillance|Point72|New York, NY|['Intelligence', 'Compliance']|https://boards.greenhouse.io/point72/jobs/6957969002
1699044610.264554|Corporate Access Analyst|Point72|HK|['Corporate Access ']|https://boards.greenhouse.io/point72/jobs/6886206002
1699044610.264554|Corporate Access Analyst|Point72|Tokyo|['Corporate Access ']|https://boards.greenhouse.io/point72/jobs/6967255002
1699044610.264554|Corporate Access Coordinator|Point72|New York | Stamford|['Corporate Access ']|https://boards.greenhouse.io/point72/jobs/6971244002
1699044610.264554|2024 Summer Internship - Communications|Point72|New York, NY|['Corporate Communications ']|https://boards.greenhouse.io/point72/jobs/6974942002
1699044610.264554|2024 Summer Internship - Facilities Operations|Point72|Stamford, CT|['Facilities']|https://boards.greenhouse.io/point72/jobs/6968972002
1699044610.264554|2024 Summer Internship - Facilities Real Estate & Finance|Point72|New York, NY|['Facilities']|https://boards.greenhouse.io/point72/jobs/6968982002
1699044610.264554|2024 Summer Internship - Corporate Finance|Point72|Stamford, CT|['Finance']|https://boards.greenhouse.io/point72/jobs/6941040002
1699044610.264554|Finance Analyst|Point72|Stamford |['Finance']|https://boards.greenhouse.io/point72/jobs/6990548002
1699044610.264554|Global Mobility Specialist|Point72|Stamford|['Finance']|https://boards.greenhouse.io/point72/jobs/6814902002
1699044610.264554|Payroll Analyst|Point72|Singapore, Tokyo|['Finance']|https://boards.greenhouse.io/point72/jobs/6805346002
1699044610.264554|2024 Summer Internship - Human Resources|Point72|New York, NY or Stamford, CT|['Human Capital']|https://boards.greenhouse.io/point72/jobs/6937862002
1699044610.264554|L&D Program Manager|Point72|Warsaw, PL|['Human Capital']|https://boards.greenhouse.io/point72/jobs/6954424002
1699044610.264554|L&D Program Manager|Point72|London, UK|['Human Capital']|https://boards.greenhouse.io/point72/jobs/6931023002
1699044610.264554|Recruitment Operations & Systems Manager|Point72|New York, NY|['Human Capital']|https://boards.greenhouse.io/point72/jobs/6758541002
1699044610.264554|Academy International Manager|Point72|Hong Kong, London|['Ipd / Academy Mgmt']|https://boards.greenhouse.io/point72/jobs/6794029002
1699044610.264554|Execution Trader, Singapore|Point72|Singapore |['Asia Trading Desk - L/S', 'Long/Short Equities Strategy']|https://boards.greenhouse.io/point72/jobs/6749679002
1699044610.264554|L/S Equities Data Scientist |Point72|New York, NY or Miami, FL|['Swift', 'Long/Short Equities Strategy']|https://boards.greenhouse.io/point72/jobs/6623008002
1699044610.264554|Business Analyst, L/S Equity|Point72|New York, NY|['L/S Management']|https://boards.greenhouse.io/point72/jobs/6649429002
1699044610.264554|2024 Summer Internship - Sector Analyst, Proprietary Research|Point72|London, UK|['Market Intelligence ']|https://boards.greenhouse.io/point72/jobs/7003287002
1699044610.264554|Data Engineer, Proprietary Research|Point72|New York, NY|['Market Intelligence ']|https://boards.greenhouse.io/point72/jobs/4686957002
1699044610.264554|Data Scientist, Proprietary Research|Point72|New York, NY|['Market Intelligence ']|https://boards.greenhouse.io/point72/jobs/4644238002
1699044610.264554|Fundamental Researcher - Canvas |Point72|New York, NY |['Market Intelligence ']|https://boards.greenhouse.io/point72/jobs/4644225002
1699044610.264554|Insights Sector Analyst, Proprietary Research|Point72|New York, NY|['Market Intelligence ']|https://boards.greenhouse.io/point72/jobs/5214321002
1699044610.264554|Senior Data Engineer, Proprietary Research|Point72|New York, NY|['Market Intelligence ']|https://boards.greenhouse.io/point72/jobs/6568065002
1699044610.264554|Market Intelligence Emerging Talent Network|Point72|New York, NY|['Market Intelligence ']|https://boards.greenhouse.io/point72/jobs/6656054002
1699044610.264554|Macro Sector Analyst|Point72|New York|['MI - Proprietary Research']|https://boards.greenhouse.io/point72/jobs/6789782002
1699044610.264554|Market Intelligence International Sector Analyst, Proprietary Research|Point72|Singapore|['MI - Proprietary Research']|https://boards.greenhouse.io/point72/jobs/6649428002
1699044610.264554|2024 Summer Internship - Operational Risk|Point72|Stamford, CT|['Operational Risk ']|https://boards.greenhouse.io/point72/jobs/6937899002
1699044610.264554|2024 Summer Internship - Operational Risk, Vendor Risk|Point72|New York, NY|['Operational Risk ']|https://boards.greenhouse.io/point72/jobs/6941339002
1699044610.264554|2024 Asia Operations Summer Internship|Point72|Singapore|['Operations']|https://boards.greenhouse.io/point72/jobs/6997983002
1699044610.264554|2024 Summer Internship - Trade Support|Point72|Stamford, CT|['Operations']|https://boards.greenhouse.io/point72/jobs/6937876002
1699044610.264554|Operations Transformation – Business Analyst|Point72|Stamford, CT|['Operations']|https://boards.greenhouse.io/point72/jobs/6802737002
1699044610.264554|Regulatory Reporting Intern|Point72|Singapore|['Operations']|https://boards.greenhouse.io/point72/jobs/6997984002
1699044610.264554|2024 Summer Internship - Regulatory Reporting|Point72|Stamford, CT|['Regulatory Reporting', 'Operations']|https://boards.greenhouse.io/point72/jobs/6958002002
1699044610.264554|Analyst Coach, Investment Professional Development|Point72|Hong Kong|['Professional Development - Asia ']|https://boards.greenhouse.io/point72/jobs/6284591002
1699044610.264554|Program Specialist , Investment Professional Development|Point72|Hong Kong|['Professional Development - Asia ']|https://boards.greenhouse.io/point72/jobs/6326867002
1699044610.264554|Administrative Assistant, Cubist|Point72|Singapore|['Quant Management']|https://boards.greenhouse.io/point72/jobs/6880447002
1699044610.264554|Administrative Manager, L/S Equity|Point72|United States|['Admins', 'Senior Management ']|https://boards.greenhouse.io/point72/jobs/6975355002
1699044610.264554|IS Executive Assistant |Point72|United States|['Admins', 'Senior Management ']|https://boards.greenhouse.io/point72/jobs/6971203002
1699044610.264554|PM Administrative Assistant |Point72|United States|['Admins', 'Senior Management ']|https://boards.greenhouse.io/point72/jobs/6860999002
1699044610.264554|2024 Summer Internship - Strategic Implementation|Point72|New York, NY|['Strategic Implementation Team ']|https://boards.greenhouse.io/point72/jobs/6957948002
1699044610.264554|Strategic Implementation Governance Associate|Point72|New York, NY|['Strategic Implementation Team ']|https://boards.greenhouse.io/point72/jobs/6865299002
1699044610.264554|Strategic Implementation Governance Lead|Point72|New York, NY or Stamford, CT|['Strategic Implementation Team ']|https://boards.greenhouse.io/point72/jobs/6865300002
1699044610.264554|Strategic Implementation Program Manager|Point72|United States|['Strategic Implementation Team ']|https://boards.greenhouse.io/point72/jobs/6778777002
1699044610.264554|2024 Summer Internship - Corporate Strategy|Point72|New York, NY|['Strategy ']|https://boards.greenhouse.io/point72/jobs/6968958002
1699044610.264554|IS Executive Assistant|Point72|New York, New York|['Strategy ']|https://boards.greenhouse.io/point72/jobs/7000130002
1699044610.264554|Tax Analyst|Point72|Warsaw|['Tax ']|https://boards.greenhouse.io/point72/jobs/6909935002
1699044610.264554|Tax Associate|Point72|Warsaw|['Tax ']|https://boards.greenhouse.io/point72/jobs/6885430002
1699044610.264554|Tax Associate, Fund and Management Company|Point72|Stamford|['Tax ']|https://boards.greenhouse.io/point72/jobs/6722007002
1699044610.264554|Applied Quantum Researcher, Technology Innovation|Point72|United States|['Technology']|https://boards.greenhouse.io/point72/jobs/6888195002
1699044610.264554|Colo HFT Support Engineer|Point72|Singapore|['Technology']|https://boards.greenhouse.io/point72/jobs/6598104002
1699044610.264554|Data Platform Associate|Point72|Warsaw|['Technology']|https://boards.greenhouse.io/point72/jobs/6948065002
1699044610.264554|GenAI Full Stack Developer, Technology|Point72|United States|['Technology']|https://boards.greenhouse.io/point72/jobs/6719574002
1699044610.264554|GenAI Junior Application Support Specialist, Technology|Point72|United States|['Technology']|https://boards.greenhouse.io/point72/jobs/6719588002
1699044610.264554|GenAI Senior Application Support Specialist, Technology|Point72|United States|['Technology']|https://boards.greenhouse.io/point72/jobs/6971269002
1699044610.264554|Head of Middle Office Technology Poland|Point72|Warsaw|['Technology']|https://boards.greenhouse.io/point72/jobs/6565962002
1699044610.264554|IT Operations Engineer, End User Computing|Point72|Chicago|['Technology']|https://boards.greenhouse.io/point72/jobs/6829272002
1699044610.264554|Lead Software Engineer, Trade Processing|Point72|Warsaw|['Technology']|https://boards.greenhouse.io/point72/jobs/6600480002
1699044610.264554|Lifecycle UI Engineer #4|Point72|Warsaw|['Technology']|https://boards.greenhouse.io/point72/jobs/6862551002
1699044610.264554|Linux & Storage Engineer|Point72|Singapore|['Technology']|https://boards.greenhouse.io/point72/jobs/6598111002
1699044610.264554|Macro Dev Ops 2|Point72|Warsaw|['Technology']|https://boards.greenhouse.io/point72/jobs/6598112002
1699044610.264554|Manager, Platform Engineering|Point72|Warsaw|['Technology']|https://boards.greenhouse.io/point72/jobs/6912124002
1699044610.264554|Platform Services Engineer|Point72|Warsaw|['Technology']|https://boards.greenhouse.io/point72/jobs/6370095002
1699044610.264554|Platform Support #5|Point72|Warsaw|['Technology']|https://boards.greenhouse.io/point72/jobs/6870530002
1699044610.264554|QA  Engineer|Point72|Warsaw|['Technology']|https://boards.greenhouse.io/point72/jobs/5573352002
1699044610.264554|Senior Software Engineer, L/S Equity Platform|Point72|Singapore|['Technology']|https://boards.greenhouse.io/point72/jobs/6806123002
1699044610.264554|Software Engineer, Execution Services|Point72|Warsaw|['Technology']|https://boards.greenhouse.io/point72/jobs/6734749002
1699044610.264554|Software Engineering Lead, Reconciliation|Point72|Warsaw|['Technology']|https://boards.greenhouse.io/point72/jobs/6692375002
1699044610.264554|Software Engineering Manager, Macro Middle Office Technology|Point72|Warsaw|['Technology']|https://boards.greenhouse.io/point72/jobs/6542800002
1699044610.264554|Software Engineer, Market Intelligence Technology|Point72|Warsaw|['Technology']|https://boards.greenhouse.io/point72/jobs/6909902002
1699044610.264554|Software Engineer, Risk Technology|Point72|Warsaw|['Technology']|https://boards.greenhouse.io/point72/jobs/6976271002
1699044610.264554|Support Engineer, Risk Technology|Point72|Poland|['Technology']|https://boards.greenhouse.io/point72/jobs/6894650002
1699044610.264554|Technical Lead, Regulatory Reporting|Point72|Warsaw|['Technology']|https://boards.greenhouse.io/point72/jobs/6896455002
1699044610.264554|Technical Lead, Treasury Technology|Point72|Warsaw|['Technology']|https://boards.greenhouse.io/point72/jobs/6596207002
1699044610.264554|Technical Project Manager|Point72|Warsaw|['Technology']|https://boards.greenhouse.io/point72/jobs/6982709002
1699044610.264554|Research Assistant|Point72|New York, New York or Stamford, CT |['Trading Administration ']|https://boards.greenhouse.io/point72/jobs/7004381002
1699044610.264554|2024 Summer Internship - Trading Desk|Point72|Stamford, CT|['Trading Administration', 'Trading Administration ']|https://boards.greenhouse.io/point72/jobs/6937918002
1699044610.264554|Securities Lending Trader|Point72|Stamford |['Treasury & Broker Strategy']|https://boards.greenhouse.io/point72/jobs/6866893002
1699044610.264554|Securities Lending Trader, Asia Pacific |Point72|Hong Kong |['Treasury & Broker Strategy']|https://boards.greenhouse.io/point72/jobs/6528087002
1699044610.264554|Treasury Associate |Point72|Stamford, CT|['Treasury & Broker Strategy']|https://boards.greenhouse.io/point72/jobs/6002173002
1699044610.264554|2024 Summer Internship - Treasury|Point72|Stamford, CT|['Treasury', 'Treasury & Broker Strategy']|https://boards.greenhouse.io/point72/jobs/6938009002
1699044610.264554|Investment Services Emerging Talent Network|Point72|Stamford, CT and New York, NY|['Investment Services']|https://boards.greenhouse.io/point72/jobs/6732930002
1699044630.988999|Principal, US Tax Planning|Twitch|San Francisco, CA|['Finance', 'G&A']|https://boards.greenhouse.io/twitch/jobs/6944918002
1699044630.988999|Principal, US Tax Planning|Twitch|Seattle, WA|['Finance', 'G&A']|https://boards.greenhouse.io/twitch/jobs/6944972002
1699044630.988999|CRM Manager (Contract)|Twitch|Singapore|['Marketing', 'GTM']|https://boards.greenhouse.io/twitch/jobs/6979616002
1699044630.988999|Director, Communications|Twitch|Remote (United States)|['Marketing', 'GTM']|https://boards.greenhouse.io/twitch/jobs/7002097002
1699044630.988999|Producer (Contract)|Twitch|New York City|['Marketing', 'GTM']|https://boards.greenhouse.io/twitch/jobs/6799356002
1699044630.988999|Senior Manager, Vendor Performance|Twitch|Remote (Texas)|['Trust & Safety and CX', 'GTM']|https://boards.greenhouse.io/twitch/jobs/7001673002
1699044630.988999|Director, Applied Science|Twitch|Salt Lake City, UT|['Community', 'Product & Engineering']|https://boards.greenhouse.io/twitch/jobs/6920358002
1699044630.988999|Director, Applied Science|Twitch|Seattle, WA|['Community', 'Product & Engineering']|https://boards.greenhouse.io/twitch/jobs/6920357002
1699044630.988999|Director, Applied Science|Twitch|Irvine, CA|['Community', 'Product & Engineering']|https://boards.greenhouse.io/twitch/jobs/6920354002
1699044630.988999|Director, Applied Science|Twitch|San Francisco, CA|['Community', 'Product & Engineering']|https://boards.greenhouse.io/twitch/jobs/6915390002
1699044630.988999|Principal WebRTC Engineer, Real-time Video|Twitch|Remote (United States)|['Video Platform', 'Video']|https://boards.greenhouse.io/twitch/jobs/6896563002
1699044635.39042|Senior Vice President|Ogilvy Health USA|New York, New York|['Account/Client Services']|https://boards.greenhouse.io/ogilvyhealthusa/jobs/4306645005
1699044635.39042|Associate Creative Director, Copy - Market Access|Ogilvy Health USA|New York, New York|['Creative']|https://boards.greenhouse.io/ogilvyhealthusa/jobs/4304543005
1699044637.984812|Account Director|Ogilvy UK|London, United Kingdom|['Account/Client Services']|https://boards.greenhouse.io/ogilvyuk/jobs/4334798005
1699044637.984812|Account Director|Ogilvy UK|London, United Kingdom|['Account/Client Services']|https://boards.greenhouse.io/ogilvyuk/jobs/4323678005
1699044637.984812|Account Manager|Ogilvy UK|London, United Kingdom|['Account/Client Services']|https://boards.greenhouse.io/ogilvyuk/jobs/4323676005
1699044637.984812|Mid-Level Creative Team|Ogilvy UK|London, England, United Kingdom|['Creative']|https://boards.greenhouse.io/ogilvyuk/jobs/4197381005
1699044637.984812|Mid-Level Creative Team |Ogilvy UK|London, England, United Kingdom|['Creative']|https://boards.greenhouse.io/ogilvyuk/jobs/4179324005
1699044637.984812|Mid-weight Copywriter (B2B)|Ogilvy UK|London, United Kingdom|['Creative']|https://boards.greenhouse.io/ogilvyuk/jobs/4326587005
1699044637.984812|Mid Weight Creative (OR Team / Copywriter)|Ogilvy UK|London, United Kingdom|['Creative']|https://boards.greenhouse.io/ogilvyuk/jobs/4324497005
1699044637.984812|Mid-Weight Creative Team|Ogilvy UK|London, England, United Kingdom|['Creative']|https://boards.greenhouse.io/ogilvyuk/jobs/4309632005
1699044637.984812|Senior Creative Copywriter|Ogilvy UK|London, England, United Kingdom|['Creative']|https://boards.greenhouse.io/ogilvyuk/jobs/4238879005
1699044637.984812|Digital Design Lead (Conceptual)|Ogilvy UK|London, England, United Kingdom|['Design']|https://boards.greenhouse.io/ogilvyuk/jobs/4196970005
1699044637.984812|Digital Design Lead (Conceptual)|Ogilvy UK|London, England, United Kingdom|['Design']|https://boards.greenhouse.io/ogilvyuk/jobs/4288105005
1699044637.984812|Mid-Weight Digital Designer |Ogilvy UK|London, England, United Kingdom|['Design']|https://boards.greenhouse.io/ogilvyuk/jobs/4309685005
1699044637.984812|Account Manager|Ogilvy UK|London, United Kingdom|['Medical Education']|https://boards.greenhouse.io/ogilvyuk/jobs/4323127005
1699044637.984812|People Advisor|Ogilvy UK|London, England, United Kingdom|['People/Talent']|https://boards.greenhouse.io/ogilvyuk/jobs/4319192005
1699044637.984812|Senior Project Manager.|Ogilvy UK|London, United Kingdom|['Production & Traffic']|https://boards.greenhouse.io/ogilvyuk/jobs/4333827005
1699044637.984812|Studio Manager|Ogilvy UK|London, United Kingdom|['Production & Traffic']|https://boards.greenhouse.io/ogilvyuk/jobs/4285676005
1699044637.984812|Account Director (PR)|Ogilvy UK|London, United Kingdom|['Public Relations']|https://boards.greenhouse.io/ogilvyuk/jobs/4301667005
1699044637.984812|PR Account Director|Ogilvy UK|Ogilvy Health UK|['Public Relations']|https://boards.greenhouse.io/ogilvyuk/jobs/4249461005
1699044637.984812|Mid-Level ART Director / Social |Ogilvy UK|London, England, United Kingdom|['Social/Performance']|https://boards.greenhouse.io/ogilvyuk/jobs/4295816005
1699044637.984812|Experience Strategy Director|Ogilvy UK|London, United Kingdom|['Strategy & Planning']|https://boards.greenhouse.io/ogilvyuk/jobs/4325414005
1699044637.984812|Experience Strategy Director_F1_12 month FTC|Ogilvy UK|London, United Kingdom|['Strategy & Planning']|https://boards.greenhouse.io/ogilvyuk/jobs/4327543005
1699044637.984812|Senior Content Strategist - London based|Ogilvy UK|London, United Kingdom|['Strategy & Planning']|https://boards.greenhouse.io/ogilvyuk/jobs/4334790005
1699044637.984812|Senior Strategic Planner|Ogilvy UK|London, United Kingdom|['Strategy & Planning']|https://boards.greenhouse.io/ogilvyuk/jobs/4335359005
1699044637.984812|Senior Strategist|Ogilvy UK|London, England, United Kingdom|['Strategy & Planning']|https://boards.greenhouse.io/ogilvyuk/jobs/4298945005
1699044637.984812|Strategy Director|Ogilvy UK|London, United Kingdom|['Strategy & Planning']|https://boards.greenhouse.io/ogilvyuk/jobs/4335370005
1699044637.984812|Strategy Director|Ogilvy UK|London, United Kingdom|['Strategy & Planning']|https://boards.greenhouse.io/ogilvyuk/jobs/4255793005
1699184983.3207319|2024 Point72 Academy Spring Insight Programme – London |Point72|United States|['Academy']|https://boards.greenhouse.io/point72/jobs/6965828002
1699184983.3207319|2024 Point72 Future of Finance Accelerator|Point72|United States|['Academy']|https://boards.greenhouse.io/point72/jobs/6924095002
1699184983.3207319|2024 Summer Internship - Compliance|Point72|Stamford, CT|['Compliance']|https://boards.greenhouse.io/point72/jobs/6957987002
1699184983.3207319|Compliance Intern|Point72|Hong Kong|['Compliance']|https://boards.greenhouse.io/point72/jobs/6986294002
1699184983.3207319|Compliance Officer|Point72|London |['Compliance']|https://boards.greenhouse.io/point72/jobs/6893782002
1699184983.3207319|Compliance Officer|Point72|Singapore|['Compliance']|https://boards.greenhouse.io/point72/jobs/6764750002
1699184983.3207319|Surveillance Associate |Point72|Stamford |['Compliance']|https://boards.greenhouse.io/point72/jobs/6832666002
1699184983.3207319|Surveillance Associate - Chinese Language Position|Point72|Stamford, CT|['Compliance']|https://boards.greenhouse.io/point72/jobs/6577885002
1699184983.3207319|2024 Summer Internship - Surveillance|Point72|New York, NY|['Intelligence', 'Compliance']|https://boards.greenhouse.io/point72/jobs/6957969002
1699184983.3207319|Corporate Access Analyst|Point72|HK|['Corporate Access ']|https://boards.greenhouse.io/point72/jobs/6886206002
1699184983.3207319|Corporate Access Analyst|Point72|Tokyo|['Corporate Access ']|https://boards.greenhouse.io/point72/jobs/6967255002
1699184983.3207319|Corporate Access Coordinator|Point72|New York | Stamford|['Corporate Access ']|https://boards.greenhouse.io/point72/jobs/6971244002
1699184983.3207319|2024 Summer Internship - Communications|Point72|New York, NY|['Corporate Communications ']|https://boards.greenhouse.io/point72/jobs/6974942002
1699184983.3207319|2024 Summer Internship - Facilities Operations|Point72|Stamford, CT|['Facilities']|https://boards.greenhouse.io/point72/jobs/6968972002
1699184983.3207319|2024 Summer Internship - Facilities Real Estate & Finance|Point72|New York, NY|['Facilities']|https://boards.greenhouse.io/point72/jobs/6968982002
1699184983.3207319|2024 Summer Internship - Corporate Finance|Point72|Stamford, CT|['Finance']|https://boards.greenhouse.io/point72/jobs/6941040002
1699184983.3207319|Finance Analyst|Point72|Stamford |['Finance']|https://boards.greenhouse.io/point72/jobs/6990548002
1699184983.3207319|Global Mobility Specialist|Point72|Stamford|['Finance']|https://boards.greenhouse.io/point72/jobs/6814902002
1699184983.3207319|Payroll Analyst|Point72|Singapore, Tokyo|['Finance']|https://boards.greenhouse.io/point72/jobs/6805346002
1699184983.3207319|2024 Summer Internship - Human Resources|Point72|New York, NY or Stamford, CT|['Human Capital']|https://boards.greenhouse.io/point72/jobs/6937862002
1699184983.3207319|L&D Program Manager|Point72|Warsaw, PL|['Human Capital']|https://boards.greenhouse.io/point72/jobs/6954424002
1699184983.3207319|L&D Program Manager|Point72|London, UK|['Human Capital']|https://boards.greenhouse.io/point72/jobs/6931023002
1699184983.3207319|Recruitment Operations & Systems Manager|Point72|New York, NY|['Human Capital']|https://boards.greenhouse.io/point72/jobs/6758541002
1699184983.3207319|Academy International Manager|Point72|Hong Kong, London|['Ipd / Academy Mgmt']|https://boards.greenhouse.io/point72/jobs/6794029002
1699184983.3207319|Execution Trader, Singapore|Point72|Singapore |['Asia Trading Desk - L/S', 'Long/Short Equities Strategy']|https://boards.greenhouse.io/point72/jobs/6749679002
1699184983.3207319|L/S Equities Data Scientist |Point72|New York, NY or Miami, FL|['Swift', 'Long/Short Equities Strategy']|https://boards.greenhouse.io/point72/jobs/6623008002
1699184983.3207319|Business Analyst, L/S Equity|Point72|New York, NY|['L/S Management']|https://boards.greenhouse.io/point72/jobs/6649429002
1699184983.3207319|2024 Summer Internship - Sector Analyst, Proprietary Research|Point72|London, UK|['Market Intelligence ']|https://boards.greenhouse.io/point72/jobs/7003287002
1699184983.3207319|Data Engineer, Proprietary Research|Point72|New York, NY|['Market Intelligence ']|https://boards.greenhouse.io/point72/jobs/4686957002
1699184983.3207319|Data Scientist, Proprietary Research|Point72|New York, NY|['Market Intelligence ']|https://boards.greenhouse.io/point72/jobs/4644238002
1699184983.3207319|Fundamental Researcher - Canvas |Point72|New York, NY |['Market Intelligence ']|https://boards.greenhouse.io/point72/jobs/4644225002
1699184983.3207319|Insights Sector Analyst, Proprietary Research|Point72|New York, NY|['Market Intelligence ']|https://boards.greenhouse.io/point72/jobs/5214321002
1699184983.3207319|Senior Data Engineer, Proprietary Research|Point72|New York, NY|['Market Intelligence ']|https://boards.greenhouse.io/point72/jobs/6568065002
1699184983.3207319|Market Intelligence Emerging Talent Network|Point72|New York, NY|['Market Intelligence ']|https://boards.greenhouse.io/point72/jobs/6656054002
1699184983.3207319|Macro Sector Analyst|Point72|New York|['MI - Proprietary Research']|https://boards.greenhouse.io/point72/jobs/6789782002
1699184983.3207319|Market Intelligence International Sector Analyst, Proprietary Research|Point72|Singapore|['MI - Proprietary Research']|https://boards.greenhouse.io/point72/jobs/6649428002
1699184983.3207319|2024 Summer Internship - Operational Risk|Point72|Stamford, CT|['Operational Risk ']|https://boards.greenhouse.io/point72/jobs/6937899002
1699184983.3207319|2024 Summer Internship - Operational Risk, Vendor Risk|Point72|New York, NY|['Operational Risk ']|https://boards.greenhouse.io/point72/jobs/6941339002
1699184983.3207319|2024 Asia Operations Summer Internship|Point72|Singapore|['Operations']|https://boards.greenhouse.io/point72/jobs/6997983002
1699184983.3207319|2024 Summer Internship - Trade Support|Point72|Stamford, CT|['Operations']|https://boards.greenhouse.io/point72/jobs/6937876002
1699184983.3207319|Operations Transformation – Business Analyst|Point72|Stamford, CT|['Operations']|https://boards.greenhouse.io/point72/jobs/6802737002
1699184983.3207319|Regulatory Reporting Intern|Point72|Singapore|['Operations']|https://boards.greenhouse.io/point72/jobs/6997984002
1699184983.3207319|2024 Summer Internship - Regulatory Reporting|Point72|Stamford, CT|['Regulatory Reporting', 'Operations']|https://boards.greenhouse.io/point72/jobs/6958002002
1699184983.3207319|Analyst Coach, Investment Professional Development|Point72|Hong Kong|['Professional Development - Asia ']|https://boards.greenhouse.io/point72/jobs/6284591002
1699184983.3207319|Program Specialist , Investment Professional Development|Point72|Hong Kong|['Professional Development - Asia ']|https://boards.greenhouse.io/point72/jobs/6326867002
1699184983.3207319|Administrative Assistant, Cubist|Point72|Singapore|['Quant Management']|https://boards.greenhouse.io/point72/jobs/6880447002
1699184983.3207319|Administrative Manager, L/S Equity|Point72|United States|['Admins', 'Senior Management ']|https://boards.greenhouse.io/point72/jobs/6975355002
1699184983.3207319|IS Executive Assistant |Point72|United States|['Admins', 'Senior Management ']|https://boards.greenhouse.io/point72/jobs/6971203002
1699184983.3207319|PM Administrative Assistant |Point72|United States|['Admins', 'Senior Management ']|https://boards.greenhouse.io/point72/jobs/6860999002
1699184983.3207319|2024 Summer Internship - Strategic Implementation|Point72|New York, NY|['Strategic Implementation Team ']|https://boards.greenhouse.io/point72/jobs/6957948002
1699184983.3207319|Strategic Implementation Governance Associate|Point72|New York, NY|['Strategic Implementation Team ']|https://boards.greenhouse.io/point72/jobs/6865299002
1699184983.3207319|Strategic Implementation Governance Lead|Point72|New York, NY or Stamford, CT|['Strategic Implementation Team ']|https://boards.greenhouse.io/point72/jobs/6865300002
1699184983.3207319|Strategic Implementation Program Manager|Point72|United States|['Strategic Implementation Team ']|https://boards.greenhouse.io/point72/jobs/6778777002
1699184983.3207319|2024 Summer Internship - Corporate Strategy|Point72|New York, NY|['Strategy ']|https://boards.greenhouse.io/point72/jobs/6968958002
1699184983.3207319|IS Executive Assistant|Point72|New York, New York|['Strategy ']|https://boards.greenhouse.io/point72/jobs/7000130002
1699184983.3207319|Tax Analyst|Point72|Warsaw|['Tax ']|https://boards.greenhouse.io/point72/jobs/6909935002
1699184983.3207319|Tax Associate|Point72|Warsaw|['Tax ']|https://boards.greenhouse.io/point72/jobs/6885430002
1699184983.3207319|Tax Associate, Fund and Management Company|Point72|Stamford|['Tax ']|https://boards.greenhouse.io/point72/jobs/6722007002
1699184983.3207319|Applied Quantum Researcher, Technology Innovation|Point72|United States|['Technology']|https://boards.greenhouse.io/point72/jobs/6888195002
1699184983.3207319|Colo HFT Support Engineer|Point72|Singapore|['Technology']|https://boards.greenhouse.io/point72/jobs/6598104002
1699184983.3207319|Data Platform Associate|Point72|Warsaw|['Technology']|https://boards.greenhouse.io/point72/jobs/6948065002
1699184983.3207319|GenAI Full Stack Developer, Technology|Point72|United States|['Technology']|https://boards.greenhouse.io/point72/jobs/6719574002
1699184983.3207319|GenAI Junior Application Support Specialist, Technology|Point72|United States|['Technology']|https://boards.greenhouse.io/point72/jobs/6719588002
1699184983.3207319|GenAI Senior Application Support Specialist, Technology|Point72|United States|['Technology']|https://boards.greenhouse.io/point72/jobs/6971269002
1699184983.3207319|Head of Middle Office Technology Poland|Point72|Warsaw|['Technology']|https://boards.greenhouse.io/point72/jobs/6565962002
1699184983.3207319|IT Operations Engineer, End User Computing|Point72|Chicago|['Technology']|https://boards.greenhouse.io/point72/jobs/6829272002
1699184983.3207319|Lead Software Engineer, Trade Processing|Point72|Warsaw|['Technology']|https://boards.greenhouse.io/point72/jobs/6600480002
1699184983.3207319|Lifecycle UI Engineer #4|Point72|Warsaw|['Technology']|https://boards.greenhouse.io/point72/jobs/6862551002
1699184983.3207319|Linux & Storage Engineer|Point72|Singapore|['Technology']|https://boards.greenhouse.io/point72/jobs/6598111002
1699184983.3207319|Macro Dev Ops 2|Point72|Warsaw|['Technology']|https://boards.greenhouse.io/point72/jobs/6598112002
1699184983.3207319|Manager, Platform Engineering|Point72|Warsaw|['Technology']|https://boards.greenhouse.io/point72/jobs/6912124002
1699184983.3207319|Platform Services Engineer|Point72|Warsaw|['Technology']|https://boards.greenhouse.io/point72/jobs/6370095002
1699184983.3207319|Platform Support #5|Point72|Warsaw|['Technology']|https://boards.greenhouse.io/point72/jobs/6870530002
1699184983.3207319|QA  Engineer|Point72|Warsaw|['Technology']|https://boards.greenhouse.io/point72/jobs/5573352002
1699184983.3207319|Senior Software Engineer, L/S Equity Platform|Point72|Singapore|['Technology']|https://boards.greenhouse.io/point72/jobs/6806123002
1699184983.3207319|Software Engineer, Execution Services|Point72|Warsaw|['Technology']|https://boards.greenhouse.io/point72/jobs/6734749002
1699184983.3207319|Software Engineering Lead, Reconciliation|Point72|Warsaw|['Technology']|https://boards.greenhouse.io/point72/jobs/6692375002
1699184983.3207319|Software Engineering Manager, Macro Middle Office Technology|Point72|Warsaw|['Technology']|https://boards.greenhouse.io/point72/jobs/6542800002
1699184983.3207319|Software Engineer, Market Intelligence Technology|Point72|Warsaw|['Technology']|https://boards.greenhouse.io/point72/jobs/6909902002
1699184983.3207319|Software Engineer, Risk Technology|Point72|Warsaw|['Technology']|https://boards.greenhouse.io/point72/jobs/6976271002
1699184983.3207319|Support Engineer, Risk Technology|Point72|Poland|['Technology']|https://boards.greenhouse.io/point72/jobs/6894650002
1699184983.3207319|Technical Lead, Regulatory Reporting|Point72|Warsaw|['Technology']|https://boards.greenhouse.io/point72/jobs/6896455002
1699184983.3207319|Technical Lead, Treasury Technology|Point72|Warsaw|['Technology']|https://boards.greenhouse.io/point72/jobs/6596207002
1699184983.3207319|Technical Project Manager|Point72|Warsaw|['Technology']|https://boards.greenhouse.io/point72/jobs/6982709002
1699184983.3207319|Research Assistant|Point72|New York, New York or Stamford, CT |['Trading Administration ']|https://boards.greenhouse.io/point72/jobs/7004381002
1699184983.3207319|2024 Summer Internship - Trading Desk|Point72|Stamford, CT|['Trading Administration', 'Trading Administration ']|https://boards.greenhouse.io/point72/jobs/6937918002
1699184983.3207319|Securities Lending Trader|Point72|Stamford |['Treasury & Broker Strategy']|https://boards.greenhouse.io/point72/jobs/6866893002
1699184983.3207319|Securities Lending Trader, Asia Pacific |Point72|Hong Kong |['Treasury & Broker Strategy']|https://boards.greenhouse.io/point72/jobs/6528087002
1699184983.3207319|Treasury Associate |Point72|Stamford, CT|['Treasury & Broker Strategy']|https://boards.greenhouse.io/point72/jobs/6002173002
1699184983.3207319|2024 Summer Internship - Treasury|Point72|Stamford, CT|['Treasury', 'Treasury & Broker Strategy']|https://boards.greenhouse.io/point72/jobs/6938009002
1699184983.3207319|Investment Services Emerging Talent Network|Point72|Stamford, CT and New York, NY|['Investment Services']|https://boards.greenhouse.io/point72/jobs/6732930002
1699185004.065998|Principal, US Tax Planning|Twitch|San Francisco, CA|['Finance', 'G&A']|https://boards.greenhouse.io/twitch/jobs/6944918002
1699185004.065998|Principal, US Tax Planning|Twitch|Seattle, WA|['Finance', 'G&A']|https://boards.greenhouse.io/twitch/jobs/6944972002
1699185004.065998|CRM Manager (Contract)|Twitch|Singapore|['Marketing', 'GTM']|https://boards.greenhouse.io/twitch/jobs/6979616002
1699185004.065998|DACH Marketing Associate (Contract)|Twitch|Berlin, Germany|['Marketing', 'GTM']|https://boards.greenhouse.io/twitch/jobs/7008002002
1699185004.065998|Director, Communications|Twitch|Remote (United States)|['Marketing', 'GTM']|https://boards.greenhouse.io/twitch/jobs/7002097002
1699185004.065998|Producer (Contract)|Twitch|New York City|['Marketing', 'GTM']|https://boards.greenhouse.io/twitch/jobs/6799356002
1699185004.065998|Senior Manager, Vendor Performance|Twitch|Remote (Texas)|['Trust & Safety and CX', 'GTM']|https://boards.greenhouse.io/twitch/jobs/7001673002
1699185004.065998|Director, Applied Science|Twitch|Seattle, WA|['Community', 'Product & Engineering']|https://boards.greenhouse.io/twitch/jobs/6920357002
1699185004.065998|Director, Applied Science|Twitch|San Francisco, CA|['Community', 'Product & Engineering']|https://boards.greenhouse.io/twitch/jobs/6915390002
1699185004.065998|Director, Applied Science|Twitch|Salt Lake City, UT|['Community', 'Product & Engineering']|https://boards.greenhouse.io/twitch/jobs/6920358002
1699185004.065998|Director, Applied Science|Twitch|Irvine, CA|['Community', 'Product & Engineering']|https://boards.greenhouse.io/twitch/jobs/6920354002
1699185004.065998|Principal WebRTC Engineer, Real-time Video|Twitch|Remote (United States)|['Video Platform', 'Video']|https://boards.greenhouse.io/twitch/jobs/6896563002
1699185008.681777|Senior Vice President|Ogilvy Health USA|New York, New York|['Account/Client Services']|https://boards.greenhouse.io/ogilvyhealthusa/jobs/4306645005
1699185008.681777|Associate Creative Director, Copy - Market Access|Ogilvy Health USA|New York, New York|['Creative']|https://boards.greenhouse.io/ogilvyhealthusa/jobs/4304543005
1699185011.260478|Account Director|Ogilvy UK|London, United Kingdom|['Account/Client Services']|https://boards.greenhouse.io/ogilvyuk/jobs/4334798005
1699185011.260478|Account Director|Ogilvy UK|London, United Kingdom|['Account/Client Services']|https://boards.greenhouse.io/ogilvyuk/jobs/4323678005
1699185011.260478|Account Manager|Ogilvy UK|London, United Kingdom|['Account/Client Services']|https://boards.greenhouse.io/ogilvyuk/jobs/4323676005
1699185011.260478|Mid-Level Creative Team|Ogilvy UK|London, England, United Kingdom|['Creative']|https://boards.greenhouse.io/ogilvyuk/jobs/4197381005
1699185011.260478|Mid-Level Creative Team |Ogilvy UK|London, England, United Kingdom|['Creative']|https://boards.greenhouse.io/ogilvyuk/jobs/4179324005
1699185011.260478|Mid-weight Copywriter (B2B)|Ogilvy UK|London, United Kingdom|['Creative']|https://boards.greenhouse.io/ogilvyuk/jobs/4326587005
1699185011.260478|Mid Weight Creative (OR Team / Copywriter)|Ogilvy UK|London, United Kingdom|['Creative']|https://boards.greenhouse.io/ogilvyuk/jobs/4324497005
1699185011.260478|Mid-Weight Creative Team|Ogilvy UK|London, England, United Kingdom|['Creative']|https://boards.greenhouse.io/ogilvyuk/jobs/4309632005
1699185011.260478|Senior Creative Copywriter|Ogilvy UK|London, England, United Kingdom|['Creative']|https://boards.greenhouse.io/ogilvyuk/jobs/4238879005
1699185011.260478|Digital Design Lead (Conceptual)|Ogilvy UK|London, England, United Kingdom|['Design']|https://boards.greenhouse.io/ogilvyuk/jobs/4196970005
1699185011.260478|Digital Design Lead (Conceptual)|Ogilvy UK|London, England, United Kingdom|['Design']|https://boards.greenhouse.io/ogilvyuk/jobs/4288105005
1699185011.260478|Mid-Weight Digital Designer |Ogilvy UK|London, England, United Kingdom|['Design']|https://boards.greenhouse.io/ogilvyuk/jobs/4309685005
1699185011.260478|Account Manager|Ogilvy UK|London, United Kingdom|['Medical Education']|https://boards.greenhouse.io/ogilvyuk/jobs/4323127005
1699185011.260478|People Advisor|Ogilvy UK|London, England, United Kingdom|['People/Talent']|https://boards.greenhouse.io/ogilvyuk/jobs/4319192005
1699185011.260478|Senior Project Manager.|Ogilvy UK|London, United Kingdom|['Production & Traffic']|https://boards.greenhouse.io/ogilvyuk/jobs/4333827005
1699185011.260478|Studio Manager|Ogilvy UK|London, United Kingdom|['Production & Traffic']|https://boards.greenhouse.io/ogilvyuk/jobs/4285676005
1699185011.260478|Account Director (PR)|Ogilvy UK|London, United Kingdom|['Public Relations']|https://boards.greenhouse.io/ogilvyuk/jobs/4301667005
1699185011.260478|PR Account Director|Ogilvy UK|Ogilvy Health UK|['Public Relations']|https://boards.greenhouse.io/ogilvyuk/jobs/4249461005
1699185011.260478|Mid-Level ART Director / Social |Ogilvy UK|London, England, United Kingdom|['Social/Performance']|https://boards.greenhouse.io/ogilvyuk/jobs/4295816005
1699185011.260478|Experience Strategy Director|Ogilvy UK|London, United Kingdom|['Strategy & Planning']|https://boards.greenhouse.io/ogilvyuk/jobs/4325414005
1699185011.260478|Experience Strategy Director_F1_12 month FTC|Ogilvy UK|London, United Kingdom|['Strategy & Planning']|https://boards.greenhouse.io/ogilvyuk/jobs/4327543005
1699185011.260478|Senior Content Strategist - London based|Ogilvy UK|London, United Kingdom|['Strategy & Planning']|https://boards.greenhouse.io/ogilvyuk/jobs/4334790005
1699185011.260478|Senior Strategic Planner|Ogilvy UK|London, United Kingdom|['Strategy & Planning']|https://boards.greenhouse.io/ogilvyuk/jobs/4335359005
1699185011.260478|Senior Strategist|Ogilvy UK|London, England, United Kingdom|['Strategy & Planning']|https://boards.greenhouse.io/ogilvyuk/jobs/4298945005
1699185011.260478|Strategy Director|Ogilvy UK|London, United Kingdom|['Strategy & Planning']|https://boards.greenhouse.io/ogilvyuk/jobs/4335370005
1699185011.260478|Strategy Director|Ogilvy UK|London, United Kingdom|['Strategy & Planning']|https://boards.greenhouse.io/ogilvyuk/jobs/4255793005
1699185036.6976051|2024 Point72 Academy Spring Insight Programme – London |Point72|United States|['Academy']|https://boards.greenhouse.io/point72/jobs/6965828002
1699185036.6976051|2024 Point72 Future of Finance Accelerator|Point72|United States|['Academy']|https://boards.greenhouse.io/point72/jobs/6924095002
1699185036.6976051|2024 Summer Internship - Compliance|Point72|Stamford, CT|['Compliance']|https://boards.greenhouse.io/point72/jobs/6957987002
1699185036.6976051|Compliance Intern|Point72|Hong Kong|['Compliance']|https://boards.greenhouse.io/point72/jobs/6986294002
1699185036.6976051|Compliance Officer|Point72|London |['Compliance']|https://boards.greenhouse.io/point72/jobs/6893782002
1699185036.6976051|Compliance Officer|Point72|Singapore|['Compliance']|https://boards.greenhouse.io/point72/jobs/6764750002
1699185036.6976051|Surveillance Associate |Point72|Stamford |['Compliance']|https://boards.greenhouse.io/point72/jobs/6832666002
1699185036.6976051|Surveillance Associate - Chinese Language Position|Point72|Stamford, CT|['Compliance']|https://boards.greenhouse.io/point72/jobs/6577885002
1699185036.6976051|2024 Summer Internship - Surveillance|Point72|New York, NY|['Intelligence', 'Compliance']|https://boards.greenhouse.io/point72/jobs/6957969002
1699185036.6976051|Corporate Access Analyst|Point72|HK|['Corporate Access ']|https://boards.greenhouse.io/point72/jobs/6886206002
1699185036.6976051|Corporate Access Analyst|Point72|Tokyo|['Corporate Access ']|https://boards.greenhouse.io/point72/jobs/6967255002
1699185036.6976051|Corporate Access Coordinator|Point72|New York | Stamford|['Corporate Access ']|https://boards.greenhouse.io/point72/jobs/6971244002
1699185036.6976051|2024 Summer Internship - Communications|Point72|New York, NY|['Corporate Communications ']|https://boards.greenhouse.io/point72/jobs/6974942002
1699185036.6976051|2024 Summer Internship - Facilities Operations|Point72|Stamford, CT|['Facilities']|https://boards.greenhouse.io/point72/jobs/6968972002
1699185036.6976051|2024 Summer Internship - Facilities Real Estate & Finance|Point72|New York, NY|['Facilities']|https://boards.greenhouse.io/point72/jobs/6968982002
1699185036.6976051|2024 Summer Internship - Corporate Finance|Point72|Stamford, CT|['Finance']|https://boards.greenhouse.io/point72/jobs/6941040002
1699185036.6976051|Finance Analyst|Point72|Stamford |['Finance']|https://boards.greenhouse.io/point72/jobs/6990548002
1699185036.6976051|Global Mobility Specialist|Point72|Stamford|['Finance']|https://boards.greenhouse.io/point72/jobs/6814902002
1699185036.6976051|Payroll Analyst|Point72|Singapore, Tokyo|['Finance']|https://boards.greenhouse.io/point72/jobs/6805346002
1699185036.6976051|2024 Summer Internship - Human Resources|Point72|New York, NY or Stamford, CT|['Human Capital']|https://boards.greenhouse.io/point72/jobs/6937862002
1699185036.6976051|L&D Program Manager|Point72|Warsaw, PL|['Human Capital']|https://boards.greenhouse.io/point72/jobs/6954424002
1699185036.6976051|L&D Program Manager|Point72|London, UK|['Human Capital']|https://boards.greenhouse.io/point72/jobs/6931023002
1699185036.6976051|Recruitment Operations & Systems Manager|Point72|New York, NY|['Human Capital']|https://boards.greenhouse.io/point72/jobs/6758541002
1699185036.6976051|Academy International Manager|Point72|Hong Kong, London|['Ipd / Academy Mgmt']|https://boards.greenhouse.io/point72/jobs/6794029002
1699185036.6976051|Execution Trader, Singapore|Point72|Singapore |['Asia Trading Desk - L/S', 'Long/Short Equities Strategy']|https://boards.greenhouse.io/point72/jobs/6749679002
1699185036.6976051|L/S Equities Data Scientist |Point72|New York, NY or Miami, FL|['Swift', 'Long/Short Equities Strategy']|https://boards.greenhouse.io/point72/jobs/6623008002
1699185036.6976051|Business Analyst, L/S Equity|Point72|New York, NY|['L/S Management']|https://boards.greenhouse.io/point72/jobs/6649429002
1699185036.6976051|2024 Summer Internship - Sector Analyst, Proprietary Research|Point72|London, UK|['Market Intelligence ']|https://boards.greenhouse.io/point72/jobs/7003287002
1699185036.6976051|Data Engineer, Proprietary Research|Point72|New York, NY|['Market Intelligence ']|https://boards.greenhouse.io/point72/jobs/4686957002
1699185036.6976051|Data Scientist, Proprietary Research|Point72|New York, NY|['Market Intelligence ']|https://boards.greenhouse.io/point72/jobs/4644238002
1699185036.6976051|Fundamental Researcher - Canvas |Point72|New York, NY |['Market Intelligence ']|https://boards.greenhouse.io/point72/jobs/4644225002
1699185036.6976051|Insights Sector Analyst, Proprietary Research|Point72|New York, NY|['Market Intelligence ']|https://boards.greenhouse.io/point72/jobs/5214321002
1699185036.6976051|Senior Data Engineer, Proprietary Research|Point72|New York, NY|['Market Intelligence ']|https://boards.greenhouse.io/point72/jobs/6568065002
1699185036.6976051|Market Intelligence Emerging Talent Network|Point72|New York, NY|['Market Intelligence ']|https://boards.greenhouse.io/point72/jobs/6656054002
1699185036.6976051|Macro Sector Analyst|Point72|New York|['MI - Proprietary Research']|https://boards.greenhouse.io/point72/jobs/6789782002
1699185036.6976051|Market Intelligence International Sector Analyst, Proprietary Research|Point72|Singapore|['MI - Proprietary Research']|https://boards.greenhouse.io/point72/jobs/6649428002
1699185036.6976051|2024 Summer Internship - Operational Risk|Point72|Stamford, CT|['Operational Risk ']|https://boards.greenhouse.io/point72/jobs/6937899002
1699185036.6976051|2024 Summer Internship - Operational Risk, Vendor Risk|Point72|New York, NY|['Operational Risk ']|https://boards.greenhouse.io/point72/jobs/6941339002
1699185036.6976051|2024 Asia Operations Summer Internship|Point72|Singapore|['Operations']|https://boards.greenhouse.io/point72/jobs/6997983002
1699185036.6976051|2024 Summer Internship - Trade Support|Point72|Stamford, CT|['Operations']|https://boards.greenhouse.io/point72/jobs/6937876002
1699185036.6976051|Operations Transformation – Business Analyst|Point72|Stamford, CT|['Operations']|https://boards.greenhouse.io/point72/jobs/6802737002
1699185036.6976051|Regulatory Reporting Intern|Point72|Singapore|['Operations']|https://boards.greenhouse.io/point72/jobs/6997984002
1699185036.6976051|2024 Summer Internship - Regulatory Reporting|Point72|Stamford, CT|['Regulatory Reporting', 'Operations']|https://boards.greenhouse.io/point72/jobs/6958002002
1699185036.6976051|Analyst Coach, Investment Professional Development|Point72|Hong Kong|['Professional Development - Asia ']|https://boards.greenhouse.io/point72/jobs/6284591002
1699185036.6976051|Program Specialist , Investment Professional Development|Point72|Hong Kong|['Professional Development - Asia ']|https://boards.greenhouse.io/point72/jobs/6326867002
1699185036.6976051|Administrative Assistant, Cubist|Point72|Singapore|['Quant Management']|https://boards.greenhouse.io/point72/jobs/6880447002
1699185036.6976051|Administrative Manager, L/S Equity|Point72|United States|['Admins', 'Senior Management ']|https://boards.greenhouse.io/point72/jobs/6975355002
1699185036.6976051|IS Executive Assistant |Point72|United States|['Admins', 'Senior Management ']|https://boards.greenhouse.io/point72/jobs/6971203002
1699185036.6976051|PM Administrative Assistant |Point72|United States|['Admins', 'Senior Management ']|https://boards.greenhouse.io/point72/jobs/6860999002
1699185036.6976051|2024 Summer Internship - Strategic Implementation|Point72|New York, NY|['Strategic Implementation Team ']|https://boards.greenhouse.io/point72/jobs/6957948002
1699185036.6976051|Strategic Implementation Governance Associate|Point72|New York, NY|['Strategic Implementation Team ']|https://boards.greenhouse.io/point72/jobs/6865299002
1699185036.6976051|Strategic Implementation Governance Lead|Point72|New York, NY or Stamford, CT|['Strategic Implementation Team ']|https://boards.greenhouse.io/point72/jobs/6865300002
1699185036.6976051|Strategic Implementation Program Manager|Point72|United States|['Strategic Implementation Team ']|https://boards.greenhouse.io/point72/jobs/6778777002
1699185036.6976051|2024 Summer Internship - Corporate Strategy|Point72|New York, NY|['Strategy ']|https://boards.greenhouse.io/point72/jobs/6968958002
1699185036.6976051|IS Executive Assistant|Point72|New York, New York|['Strategy ']|https://boards.greenhouse.io/point72/jobs/7000130002
1699185036.6976051|Tax Analyst|Point72|Warsaw|['Tax ']|https://boards.greenhouse.io/point72/jobs/6909935002
1699185036.6976051|Tax Associate|Point72|Warsaw|['Tax ']|https://boards.greenhouse.io/point72/jobs/6885430002
1699185036.6976051|Tax Associate, Fund and Management Company|Point72|Stamford|['Tax ']|https://boards.greenhouse.io/point72/jobs/6722007002
1699185036.6976051|Applied Quantum Researcher, Technology Innovation|Point72|United States|['Technology']|https://boards.greenhouse.io/point72/jobs/6888195002
1699185036.6976051|Colo HFT Support Engineer|Point72|Singapore|['Technology']|https://boards.greenhouse.io/point72/jobs/6598104002
1699185036.6976051|Data Platform Associate|Point72|Warsaw|['Technology']|https://boards.greenhouse.io/point72/jobs/6948065002
1699185036.6976051|GenAI Full Stack Developer, Technology|Point72|United States|['Technology']|https://boards.greenhouse.io/point72/jobs/6719574002
1699185036.6976051|GenAI Junior Application Support Specialist, Technology|Point72|United States|['Technology']|https://boards.greenhouse.io/point72/jobs/6719588002
1699185036.6976051|GenAI Senior Application Support Specialist, Technology|Point72|United States|['Technology']|https://boards.greenhouse.io/point72/jobs/6971269002
1699185036.6976051|Head of Middle Office Technology Poland|Point72|Warsaw|['Technology']|https://boards.greenhouse.io/point72/jobs/6565962002
1699185036.6976051|IT Operations Engineer, End User Computing|Point72|Chicago|['Technology']|https://boards.greenhouse.io/point72/jobs/6829272002
1699185036.6976051|Lead Software Engineer, Trade Processing|Point72|Warsaw|['Technology']|https://boards.greenhouse.io/point72/jobs/6600480002
1699185036.6976051|Lifecycle UI Engineer #4|Point72|Warsaw|['Technology']|https://boards.greenhouse.io/point72/jobs/6862551002
1699185036.6976051|Linux & Storage Engineer|Point72|Singapore|['Technology']|https://boards.greenhouse.io/point72/jobs/6598111002
1699185036.6976051|Macro Dev Ops 2|Point72|Warsaw|['Technology']|https://boards.greenhouse.io/point72/jobs/6598112002
1699185036.6976051|Manager, Platform Engineering|Point72|Warsaw|['Technology']|https://boards.greenhouse.io/point72/jobs/6912124002
1699185036.6976051|Platform Services Engineer|Point72|Warsaw|['Technology']|https://boards.greenhouse.io/point72/jobs/6370095002
1699185036.6976051|Platform Support #5|Point72|Warsaw|['Technology']|https://boards.greenhouse.io/point72/jobs/6870530002
1699185036.6976051|QA  Engineer|Point72|Warsaw|['Technology']|https://boards.greenhouse.io/point72/jobs/5573352002
1699185036.6976051|Senior Software Engineer, L/S Equity Platform|Point72|Singapore|['Technology']|https://boards.greenhouse.io/point72/jobs/6806123002
1699185036.6976051|Software Engineer, Execution Services|Point72|Warsaw|['Technology']|https://boards.greenhouse.io/point72/jobs/6734749002
1699185036.6976051|Software Engineering Lead, Reconciliation|Point72|Warsaw|['Technology']|https://boards.greenhouse.io/point72/jobs/6692375002
1699185036.6976051|Software Engineering Manager, Macro Middle Office Technology|Point72|Warsaw|['Technology']|https://boards.greenhouse.io/point72/jobs/6542800002
1699185036.6976051|Software Engineer, Market Intelligence Technology|Point72|Warsaw|['Technology']|https://boards.greenhouse.io/point72/jobs/6909902002
1699185036.6976051|Software Engineer, Risk Technology|Point72|Warsaw|['Technology']|https://boards.greenhouse.io/point72/jobs/6976271002
1699185036.6976051|Support Engineer, Risk Technology|Point72|Poland|['Technology']|https://boards.greenhouse.io/point72/jobs/6894650002
1699185036.6976051|Technical Lead, Regulatory Reporting|Point72|Warsaw|['Technology']|https://boards.greenhouse.io/point72/jobs/6896455002
1699185036.6976051|Technical Lead, Treasury Technology|Point72|Warsaw|['Technology']|https://boards.greenhouse.io/point72/jobs/6596207002
1699185036.6976051|Technical Project Manager|Point72|Warsaw|['Technology']|https://boards.greenhouse.io/point72/jobs/6982709002
1699185036.6976051|Research Assistant|Point72|New York, New York or Stamford, CT |['Trading Administration ']|https://boards.greenhouse.io/point72/jobs/7004381002
1699185036.6976051|2024 Summer Internship - Trading Desk|Point72|Stamford, CT|['Trading Administration', 'Trading Administration ']|https://boards.greenhouse.io/point72/jobs/6937918002
1699185036.6976051|Securities Lending Trader|Point72|Stamford |['Treasury & Broker Strategy']|https://boards.greenhouse.io/point72/jobs/6866893002
1699185036.6976051|Securities Lending Trader, Asia Pacific |Point72|Hong Kong |['Treasury & Broker Strategy']|https://boards.greenhouse.io/point72/jobs/6528087002
1699185036.6976051|Treasury Associate |Point72|Stamford, CT|['Treasury & Broker Strategy']|https://boards.greenhouse.io/point72/jobs/6002173002
1699185036.6976051|2024 Summer Internship - Treasury|Point72|Stamford, CT|['Treasury', 'Treasury & Broker Strategy']|https://boards.greenhouse.io/point72/jobs/6938009002
1699185036.6976051|Investment Services Emerging Talent Network|Point72|Stamford, CT and New York, NY|['Investment Services']|https://boards.greenhouse.io/point72/jobs/6732930002
1699185057.429918|Principal, US Tax Planning|Twitch|San Francisco, CA|['Finance', 'G&A']|https://boards.greenhouse.io/twitch/jobs/6944918002
1699185057.429918|Principal, US Tax Planning|Twitch|Seattle, WA|['Finance', 'G&A']|https://boards.greenhouse.io/twitch/jobs/6944972002
1699185057.429918|CRM Manager (Contract)|Twitch|Singapore|['Marketing', 'GTM']|https://boards.greenhouse.io/twitch/jobs/6979616002
1699185057.429918|DACH Marketing Associate (Contract)|Twitch|Berlin, Germany|['Marketing', 'GTM']|https://boards.greenhouse.io/twitch/jobs/7008002002
1699185057.429918|Director, Communications|Twitch|Remote (United States)|['Marketing', 'GTM']|https://boards.greenhouse.io/twitch/jobs/7002097002
1699185057.429918|Producer (Contract)|Twitch|New York City|['Marketing', 'GTM']|https://boards.greenhouse.io/twitch/jobs/6799356002
1699185057.429918|Senior Manager, Vendor Performance|Twitch|Remote (Texas)|['Trust & Safety and CX', 'GTM']|https://boards.greenhouse.io/twitch/jobs/7001673002
1699185057.429918|Director, Applied Science|Twitch|Seattle, WA|['Community', 'Product & Engineering']|https://boards.greenhouse.io/twitch/jobs/6920357002
1699185057.429918|Director, Applied Science|Twitch|San Francisco, CA|['Community', 'Product & Engineering']|https://boards.greenhouse.io/twitch/jobs/6915390002
1699185057.429918|Director, Applied Science|Twitch|Salt Lake City, UT|['Community', 'Product & Engineering']|https://boards.greenhouse.io/twitch/jobs/6920358002
1699185057.429918|Director, Applied Science|Twitch|Irvine, CA|['Community', 'Product & Engineering']|https://boards.greenhouse.io/twitch/jobs/6920354002
1699185057.429918|Principal WebRTC Engineer, Real-time Video|Twitch|Remote (United States)|['Video Platform', 'Video']|https://boards.greenhouse.io/twitch/jobs/6896563002
1699185062.218341|Senior Vice President|Ogilvy Health USA|New York, New York|['Account/Client Services']|https://boards.greenhouse.io/ogilvyhealthusa/jobs/4306645005
1699185062.218341|Associate Creative Director, Copy - Market Access|Ogilvy Health USA|New York, New York|['Creative']|https://boards.greenhouse.io/ogilvyhealthusa/jobs/4304543005
1699185064.767338|Account Director|Ogilvy UK|London, United Kingdom|['Account/Client Services']|https://boards.greenhouse.io/ogilvyuk/jobs/4334798005
1699185064.767338|Account Director|Ogilvy UK|London, United Kingdom|['Account/Client Services']|https://boards.greenhouse.io/ogilvyuk/jobs/4323678005
1699185064.767338|Account Manager|Ogilvy UK|London, United Kingdom|['Account/Client Services']|https://boards.greenhouse.io/ogilvyuk/jobs/4323676005
1699185064.767338|Mid-Level Creative Team|Ogilvy UK|London, England, United Kingdom|['Creative']|https://boards.greenhouse.io/ogilvyuk/jobs/4197381005
1699185064.767338|Mid-Level Creative Team |Ogilvy UK|London, England, United Kingdom|['Creative']|https://boards.greenhouse.io/ogilvyuk/jobs/4179324005
1699185064.767338|Mid-weight Copywriter (B2B)|Ogilvy UK|London, United Kingdom|['Creative']|https://boards.greenhouse.io/ogilvyuk/jobs/4326587005
1699185064.767338|Mid Weight Creative (OR Team / Copywriter)|Ogilvy UK|London, United Kingdom|['Creative']|https://boards.greenhouse.io/ogilvyuk/jobs/4324497005
1699185064.767338|Mid-Weight Creative Team|Ogilvy UK|London, England, United Kingdom|['Creative']|https://boards.greenhouse.io/ogilvyuk/jobs/4309632005
1699185064.767338|Senior Creative Copywriter|Ogilvy UK|London, England, United Kingdom|['Creative']|https://boards.greenhouse.io/ogilvyuk/jobs/4238879005
1699185064.767338|Digital Design Lead (Conceptual)|Ogilvy UK|London, England, United Kingdom|['Design']|https://boards.greenhouse.io/ogilvyuk/jobs/4196970005
1699185064.767338|Digital Design Lead (Conceptual)|Ogilvy UK|London, England, United Kingdom|['Design']|https://boards.greenhouse.io/ogilvyuk/jobs/4288105005
1699185064.767338|Mid-Weight Digital Designer |Ogilvy UK|London, England, United Kingdom|['Design']|https://boards.greenhouse.io/ogilvyuk/jobs/4309685005
1699185064.767338|Account Manager|Ogilvy UK|London, United Kingdom|['Medical Education']|https://boards.greenhouse.io/ogilvyuk/jobs/4323127005
1699185064.767338|People Advisor|Ogilvy UK|London, England, United Kingdom|['People/Talent']|https://boards.greenhouse.io/ogilvyuk/jobs/4319192005
1699185064.767338|Senior Project Manager.|Ogilvy UK|London, United Kingdom|['Production & Traffic']|https://boards.greenhouse.io/ogilvyuk/jobs/4333827005
1699185064.767338|Studio Manager|Ogilvy UK|London, United Kingdom|['Production & Traffic']|https://boards.greenhouse.io/ogilvyuk/jobs/4285676005
1699185064.767338|Account Director (PR)|Ogilvy UK|London, United Kingdom|['Public Relations']|https://boards.greenhouse.io/ogilvyuk/jobs/4301667005
1699185064.767338|PR Account Director|Ogilvy UK|Ogilvy Health UK|['Public Relations']|https://boards.greenhouse.io/ogilvyuk/jobs/4249461005
1699185064.767338|Mid-Level ART Director / Social |Ogilvy UK|London, England, United Kingdom|['Social/Performance']|https://boards.greenhouse.io/ogilvyuk/jobs/4295816005
1699185064.767338|Experience Strategy Director|Ogilvy UK|London, United Kingdom|['Strategy & Planning']|https://boards.greenhouse.io/ogilvyuk/jobs/4325414005
1699185064.767338|Experience Strategy Director_F1_12 month FTC|Ogilvy UK|London, United Kingdom|['Strategy & Planning']|https://boards.greenhouse.io/ogilvyuk/jobs/4327543005
1699185064.767338|Senior Content Strategist - London based|Ogilvy UK|London, United Kingdom|['Strategy & Planning']|https://boards.greenhouse.io/ogilvyuk/jobs/4334790005
1699185064.767338|Senior Strategic Planner|Ogilvy UK|London, United Kingdom|['Strategy & Planning']|https://boards.greenhouse.io/ogilvyuk/jobs/4335359005
1699185064.767338|Senior Strategist|Ogilvy UK|London, England, United Kingdom|['Strategy & Planning']|https://boards.greenhouse.io/ogilvyuk/jobs/4298945005
1699185064.767338|Strategy Director|Ogilvy UK|London, United Kingdom|['Strategy & Planning']|https://boards.greenhouse.io/ogilvyuk/jobs/4335370005
1699185064.767338|Strategy Director|Ogilvy UK|London, United Kingdom|['Strategy & Planning']|https://boards.greenhouse.io/ogilvyuk/jobs/4255793005
